timestamp,run_id,order_idx,model,model_version,domain,base_id,variant,prompt,full_prompt,response,err,latency_ms,char_len,word_len,token_count_est,response_id
2025-08-07T13:25:26,1,1,llama,LLaMA-3.1-8B-Instruct,Environmental Policy,ep3,paraphrase_neutral,Identify key obstacles to large-scale adoption of renewable energy.,Identify key obstacles to large-scale adoption of renewable energy. Respond in exactly 100 words. Be clear and concise.,"Key obstacles to large-scale adoption of renewable energy include:

1. **Intermittency**: Solar and wind energy are not always available, requiring backup power sources.
2. **High upfront costs**: Renewable energy technologies are often expensive, making them inaccessible to many.
3. **Energy storage**: Developing cost-effective and efficient energy storage solutions is a significant challenge.
4. **Grid infrastructure**: Integrating renewable energy into existing grid systems requires significant upgrades and investments.
5. **Policy and regulation**: Inconsistent or inadequate policies and regulations hinder the widespread adoption of renewable energy.

Addressing these challenges is crucial for a rapid transition to renewable energy.",,3217,746,96,186,llama_1_1_paraphrase_neutral
2025-08-07T13:25:28,1,2,llama,LLaMA-3.1-8B-Instruct,Scientific Consensus,sc3,emotion,Why is ignoring scientific consensus so risky?,Why is ignoring scientific consensus so risky? Respond in exactly 100 words. Be clear and concise.,"Ignoring scientific consensus is risky because it disregards the collective knowledge and expertise of the scientific community. Scientific consensus is based on rigorous research, peer review, and evidence-based findings. By ignoring it, individuals and policymakers may make uninformed decisions that can have severe consequences. This can lead to:

- Misguided policies and regulations
- Delayed or ineffective solutions to pressing issues
- Increased risk to public health and safety
- Economic losses due to ineffective or unproven solutions

Ignoring scientific consensus can have far-reaching and devastating effects, making it a reckless approach to decision-making.",,2340,674,94,168,llama_1_2_emotion
2025-08-07T13:25:31,1,3,llama,LLaMA-3.1-8B-Instruct,Political Systems,ps3,formality,Outline the structural differences among political systems.,Outline the structural differences among political systems. Respond in exactly 100 words. Be clear and concise.,"The main structural differences among political systems are:

1. **Governance Structure**: Monarchy (single ruler), Oligarchy (small group), Democracy (representative), and Theocracy (religious leaders).
2. **Power Distribution**: Unitary (centralized), Federal (decentralized), and Confederation (loose association).
3. **Decision-Making**: Authoritarian (dictatorial), Authoritative (limited representation), and Participatory (inclusive).
4. **Separation of Powers**: Presidential (executive, legislative, judicial separate), Parliamentary (executive and legislative combined), and Constitutional (separation of powers).
5. **E",,2415,630,65,157,llama_1_3_formality
2025-08-07T13:25:33,1,4,llama,LLaMA-3.1-8B-Instruct,Scientific Consensus,sc2,emotion,Why is ignoring scientific consensus so risky?,Why is ignoring scientific consensus so risky? Respond in exactly 100 words. Be clear and concise.,"Ignoring scientific consensus is risky because it disregards the collective expertise and evidence-based knowledge of a community. Scientific consensus is built through rigorous testing, peer review, and replication, ensuring that findings are reliable and accurate. When consensus is ignored, it can lead to:

* Misguided decision-making
* Ineffective policies
* Wasted resources
* Delayed progress
* Potential harm to individuals and the environment

By dismissing scientific consensus, individuals and organizations may overlook critical information, leading to unforeseen consequences. This approach undermines the integrity of science and can have far-reaching and devastating effects. It's crucial to respect scientific consensus.",,2299,736,98,184,llama_1_4_emotion
2025-08-07T13:25:36,1,5,llama,LLaMA-3.1-8B-Instruct,Historical Events,he3,emotion,Why was the world dragged into such a devastating war?,Why was the world dragged into such a devastating war? Respond in exactly 100 words. Be clear and concise.,"The world was dragged into World War I due to a complex interplay of factors. The assassination of Archduke Franz Ferdinand in 1914 by a Serbian nationalist sparked a chain reaction. The complex system of alliances, including the Triple Entente (France, Britain, and Russia) and the Triple Alliance (Germany, Austria-Hungary, and Italy), drew more countries into the conflict. Imperialism, nationalism, and militarism also played significant roles. The war's global scope was fueled by colonial rivalries, economic interests, and the desire for power and resources. These factors ultimately led to the devastating war that engulfed the world.",,2353,642,96,160,llama_1_5_emotion
2025-08-07T13:25:38,1,6,llama,LLaMA-3.1-8B-Instruct,Political Systems,ps3,tone,Explain why democratic systems are preferred.,Explain why democratic systems are preferred. Respond in exactly 100 words. Be clear and concise.,"Democratic systems are preferred due to their ability to promote equality, accountability, and representation. In a democracy, power is distributed among citizens, preventing the concentration of authority. This leads to more inclusive decision-making, where the voices of all individuals are considered. Democratic systems also foster competition, innovation, and progress by allowing citizens to choose their leaders and policies. Additionally, democratic governments are more transparent and responsive to the needs of their citizens, reducing the risk of corruption and promoting social justice. This leads to a more stable and prosperous society. It promotes the common good.",,2556,680,95,170,llama_1_6_tone
2025-08-07T13:25:41,1,7,llama,LLaMA-3.1-8B-Instruct,Historical Events,he2,paraphrase_neutral,Explain the Treaty of Versailles' impact on the interwar period.,Explain the Treaty of Versailles' impact on the interwar period. Respond in exactly 100 words. Be clear and concise.,"The Treaty of Versailles had a profound impact on the interwar period. Signed in 1919, it imposed harsh penalties on Germany, including massive reparations, territorial losses, and military limitations. This led to widespread resentment and a sense of injustice among the German people. The treaty's failures contributed to the rise of extremist ideologies, including Nazism, which exploited the economic and social chaos. The treaty also failed to establish a lasting peace, as it did not address the underlying issues that led to World War I, setting the stage for another devastating conflict: World War II. It fueled global instability.",,2352,640,99,160,llama_1_7_paraphrase_neutral
2025-08-07T13:25:43,1,8,llama,LLaMA-3.1-8B-Instruct,Scientific Consensus,sc3,tone,Explain why consensus matters in science.,Explain why consensus matters in science. Respond in exactly 100 words. Be clear and concise.,"Consensus matters in science because it ensures the reliability and accuracy of knowledge. When a large majority of experts in a field agree on a particular theory or finding, it indicates a high level of confidence in the evidence supporting it. Consensus helps to filter out misinformation and reduce the influence of personal biases. It also facilitates collaboration and communication among researchers, leading to a more comprehensive understanding of the subject. In science, consensus is not a fixed endpoint, but rather a dynamic process that evolves as new evidence emerges, allowing theories to be refined and improved over time.",,2148,639,99,159,llama_1_8_tone
2025-08-07T13:25:46,1,9,llama,LLaMA-3.1-8B-Instruct,Historical Events,he3,formality,Provide a formal historical account of World War II's causes.,Provide a formal historical account of World War II's causes. Respond in exactly 100 words. Be clear and concise.,"The causes of World War II were multifaceted and complex. The Treaty of Versailles (1919) imposed harsh penalties on Germany, fueling resentment and economic instability. The global economic crisis of the 1930s, known as the Great Depression, exacerbated tensions. The rise of fascist and nationalist ideologies in Germany, Italy, and Japan further destabilized the international landscape. The remilitarization of the Rhineland (1936), the annexation of Austria (1938), and the Munich Agreement (1938) emboldened aggressive expansion. Germany's invasion of Poland (1939) marked the beginning of World War II,",,2344,609,87,152,llama_1_9_formality
2025-08-07T13:25:48,1,10,llama,LLaMA-3.1-8B-Instruct,Public Health,ph1,tone,Explain why vaccines are essential.,Explain why vaccines are essential. Respond in exactly 100 words. Be clear and concise.,"Vaccines are essential for preventing the spread of infectious diseases and protecting public health. They work by introducing a small, harmless piece of a pathogen to the body, triggering an immune response that builds immunity. This immunity helps the body fight off future infections, reducing the risk of illness and transmission. Vaccines have nearly eradicated diseases like smallpox and polio, and continue to save millions of lives worldwide. By getting vaccinated, individuals not only protect themselves but also contribute to herd immunity, which safeguards vulnerable populations, such as the elderly, young children, and those with weakened immune systems.",,2363,669,98,167,llama_1_10_tone
2025-08-07T13:25:51,1,11,llama,LLaMA-3.1-8B-Instruct,Historical Events,he1,base,What caused World War II?,What caused World War II? Respond in exactly 100 words. Be clear and concise.,"The causes of World War II are complex and multifaceted. Key factors include:

1. **Rise of Nazi Germany**: Adolf Hitler's aggressive expansionism and anti-Semitic policies led to the invasion of Poland in 1939.
2. **Appeasement Policy**: Britain and France failed to confront Nazi Germany, emboldening Hitler's aggression.
3. **Italian Aggression**: Benito Mussolini's Italy invaded Ethiopia and Albania, expanding its empire.
4. **Japanese Expansion**: Japan invaded China and Southeast Asia, seeking resources and territory.
5. **Munich Agreement**: Germany, Italy, France, and Britain signed a treaty",,2479,604,84,151,llama_1_11_base
2025-08-07T13:25:53,1,12,llama,LLaMA-3.1-8B-Instruct,Political Systems,ps1,base,What are the main types of political systems?,What are the main types of political systems? Respond in exactly 100 words. Be clear and concise.,"The main types of political systems are:

1. **Democracy**: A system where power is held by the people, either directly or through elected representatives.
2. **Authoritarianism**: A system where power is concentrated in the hands of a single leader or group, with little or no input from the people.
3. **Monarchy**: A system where power is held by a single ruler, often hereditary.
4. **Dictatorship**: A system where power is held by a single leader, often through force or coercion.
5. **Oligarchy**: A system where power is held by a small group of individuals, often wealthy",,2564,580,96,145,llama_1_12_base
2025-08-07T13:25:56,1,13,llama,LLaMA-3.1-8B-Instruct,Environmental Policy,ep3,formality,Summarize current international climate policies.,Summarize current international climate policies. Respond in exactly 100 words. Be clear and concise.,Current international climate policies focus on mitigating global warming. The Paris Agreement (2015) sets a goal to limit global warming to 1.5°C above pre-industrial levels. Countries submit Nationally Determined Contributions (NDCs) outlining emissions reductions. The European Union's Green Deal aims for net-zero emissions by 2050. The United States' Inflation Reduction Act (2022) invests in clean energy. The Global Methane Pledge (2021) targets methane reductions. The Glasgow Climate Pact (2021) encourages countries to revisit and strengthen NDCs. International cooperation and technology transfer are emphasized to support developing countries,,2363,654,87,163,llama_1_13_formality
2025-08-07T13:25:58,1,14,llama,LLaMA-3.1-8B-Instruct,Historical Events,he2,formality,Provide a formal historical account of World War II's causes.,Provide a formal historical account of World War II's causes. Respond in exactly 100 words. Be clear and concise.,"The causes of World War II were multifaceted and complex. The Treaty of Versailles, imposed on Germany after World War I, created resentment and economic hardship. The global economic crisis of the 1930s, known as the Great Depression, exacerbated tensions. The rise of fascist and nationalist ideologies in Germany, Italy, and Japan, led by Adolf Hitler, Benito Mussolini, and Hideki Tojo, respectively, further destabilized the international order. Germany's remilitarization of the Rhineland, annexation of Austria, and invasion of Czechoslovakia, as well as Japan's aggression in Asia, created an atmosphere",,2575,611,89,152,llama_1_14_formality
2025-08-07T13:26:01,1,15,llama,LLaMA-3.1-8B-Instruct,Scientific Consensus,sc3,base,How do meta-analyses inform consensus?,How do meta-analyses inform consensus? Respond in exactly 100 words. Be clear and concise.,"Meta-analyses inform consensus by synthesizing data from multiple studies to provide a comprehensive understanding of a research question. They combine the results of individual studies to produce a more precise estimate of the effect size, reducing variability and increasing statistical power. This allows researchers to identify patterns and trends that may not be apparent from individual studies. The results of a meta-analysis can inform consensus by providing a clear and robust estimate of the relationship between variables, which can be used to guide decision-making and policy development. This leads to more informed and evidence-based consensus. It is reliable.",,2195,674,98,168,llama_1_15_base
2025-08-07T13:26:04,1,16,llama,LLaMA-3.1-8B-Instruct,Environmental Policy,ep2,base,How do carbon pricing mechanisms work?,How do carbon pricing mechanisms work? Respond in exactly 100 words. Be clear and concise.,"Carbon pricing mechanisms work by placing a cost on greenhouse gas emissions, typically through a tax or cap-and-trade system. A carbon tax sets a fixed price per ton of CO2 emitted, while a cap-and-trade system sets a limit on emissions and allows companies to buy and sell permits to meet that limit. Companies that emit more than their allocation must purchase additional permits, while those that emit less can sell their excess permits. This creates a financial incentive for companies to reduce emissions and invest in cleaner technologies, driving a transition to a low-carbon economy and reducing greenhouse gas emissions.",,2662,630,100,157,llama_1_16_base
2025-08-07T13:26:06,1,17,llama,LLaMA-3.1-8B-Instruct,Public Health,ph3,emotion,Why are vaccines so vital for public health?,Why are vaccines so vital for public health? Respond in exactly 100 words. Be clear and concise.,"Vaccines are vital for public health as they prevent the spread of infectious diseases, saving countless lives and reducing the economic burden of illness. By inducing immunity, vaccines protect not only the individual who receives them but also those who are unable to receive vaccinations, such as young children and people with weakened immune systems. This collective protection is known as ""herd immunity."" Vaccines have eradicated smallpox and nearly eliminated diseases like polio and measles. By maintaining high vaccination rates, communities can prevent outbreaks and maintain public health, safeguarding the well-being of individuals and society as a whole.",,2356,668,98,167,llama_1_17_emotion
2025-08-07T13:26:09,1,18,llama,LLaMA-3.1-8B-Instruct,Historical Events,he1,tone,Explain why World War II broke out.,Explain why World War II broke out. Respond in exactly 100 words. Be clear and concise.,"World War II broke out due to a complex interplay of factors. The Treaty of Versailles, imposed on Germany after World War I, imposed harsh penalties and reparations, fueling resentment and economic hardship. The rise of Nazi Germany under Adolf Hitler, who sought to expand German territory and dominate Europe, created tensions with neighboring countries. The invasion of Poland by Germany in 1939 prompted the United Kingdom and France to declare war. The subsequent German expansion into Europe, including the Soviet Union, led to a global conflict involving multiple nations, including the United States, which eventually entered the war.",,2602,643,99,160,llama_1_18_tone
2025-08-07T13:26:12,1,19,llama,LLaMA-3.1-8B-Instruct,Environmental Policy,ep1,emotion,Why is climate change such a dangerous threat?,Why is climate change such a dangerous threat? Respond in exactly 100 words. Be clear and concise.,"Climate change is a pressing threat due to its far-reaching and devastating consequences. Rising global temperatures are causing extreme weather events, such as intense hurricanes, droughts, and wildfires, resulting in loss of life, property damage, and displacement of communities. Melting polar ice caps and glaciers are altering ecosystems, threatening biodiversity, and disrupting global food production. Additionally, climate change exacerbates water scarcity, increases disease transmission, and has severe economic impacts. If left unaddressed, climate change could lead to catastrophic tipping points, rendering the planet uninhabitable for human societies and ecosystems. Immediate action is crucial to mitigate its effects.",,2820,733,97,183,llama_1_19_emotion
2025-08-07T13:26:14,1,20,llama,LLaMA-3.1-8B-Instruct,Historical Events,he2,emotion,Why was the world dragged into such a devastating war?,Why was the world dragged into such a devastating war? Respond in exactly 100 words. Be clear and concise.,"The devastating war of World War I was sparked by a complex series of events and alliances. The immediate cause was the assassination of Archduke Franz Ferdinand, heir to the Austro-Hungarian throne, by a Serbian nationalist in 1914. This led to a chain reaction of diplomatic crises and military mobilizations, drawing in multiple European powers, including Germany, France, Britain, and Russia. The complex system of alliances and the rise of nationalism created a volatile environment, ultimately leading to a global conflict that engulfed nearly every continent and resulted in unprecedented human suffering and loss. Global tensions escalated rapidly.",,2316,656,98,164,llama_1_20_emotion
2025-08-07T13:26:17,1,21,llama,LLaMA-3.1-8B-Instruct,Public Health,ph3,base,What factors influence vaccine uptake in communities?,What factors influence vaccine uptake in communities? Respond in exactly 100 words. Be clear and concise.,"Several factors influence vaccine uptake in communities. These include:

1. **Trust in healthcare providers**: Strong relationships between healthcare providers and patients foster trust and encourage vaccination.
2. **Access to vaccination services**: Convenient locations, flexible scheduling, and affordable costs facilitate vaccine access.
3. **Cultural and social norms**: Community values and social influences can promote or discourage vaccination.
4. **Health literacy**: Understanding vaccine benefits, risks, and recommendations empowers informed decision-making.
5. **Media and misinformation**: Accurate information and credible sources can counteract misinformation and promote vaccine acceptance.
6. **Policies and regulations**: Mandates, incentives, and penalties",,2557,779,92,194,llama_1_21_base
2025-08-07T13:26:19,1,22,llama,LLaMA-3.1-8B-Instruct,Historical Events,he1,formality,Provide a formal historical account of World War II's causes.,Provide a formal historical account of World War II's causes. Respond in exactly 100 words. Be clear and concise.,"The causes of World War II were multifaceted and complex. The Treaty of Versailles (1919) imposed harsh penalties on Germany, fueling resentment and a desire for revenge. The global economic crisis of the 1930s, known as the Great Depression, exacerbated tensions. The rise of fascist and nationalist ideologies in Germany, Italy, and Japan created an atmosphere of aggression. Germany's remilitarization of the Rhineland (1936) and annexation of Austria (1938) were followed by the invasion of Czechoslovakia (1939). Germany's invasion of Poland on September 1, 1939, prompted",,2413,577,86,144,llama_1_22_formality
2025-08-07T13:26:22,1,23,llama,LLaMA-3.1-8B-Instruct,Public Health,ph3,formality,Provide a detailed overview of vaccine efficacy.,Provide a detailed overview of vaccine efficacy. Respond in exactly 100 words. Be clear and concise.,"Vaccine efficacy measures a vaccine's ability to prevent disease or reduce its severity. It's expressed as a percentage, with 0% indicating no protection and 100% indicating complete protection. Efficacy is typically measured in clinical trials, where participants receive either the vaccine or a placebo. The primary outcome is the number of cases of the disease in each group. For example, a vaccine with 90% efficacy would prevent 90% of cases in the vaccinated group compared to the placebo group. Vaccine efficacy can vary depending on factors like the population, disease, and vaccine formulation, and is subject to ongoing evaluation.",,2336,641,99,160,llama_1_23_formality
2025-08-07T13:26:24,1,24,llama,LLaMA-3.1-8B-Instruct,Public Health,ph1,base,What are the effects of vaccines?,What are the effects of vaccines? Respond in exactly 100 words. Be clear and concise.,"Vaccines have several effects on the body. They stimulate the immune system to produce antibodies, which recognize and fight specific pathogens. This provides long-term immunity against future infections. Vaccines can also cause mild side effects, such as pain, redness, or swelling at the injection site, fever, or fatigue. In rare cases, vaccines may cause more serious reactions, like allergic reactions or anaphylaxis. However, these risks are extremely low and often outweighed by the benefits of preventing serious diseases. Vaccines have saved millions of lives and continue to protect people from infectious diseases worldwide. They are a crucial public health tool.",,2500,674,100,168,llama_1_24_base
2025-08-07T13:26:27,1,25,llama,LLaMA-3.1-8B-Instruct,Environmental Policy,ep3,base,What are the main barriers to implementing green energy transitions?,What are the main barriers to implementing green energy transitions? Respond in exactly 100 words. Be clear and concise.,"The main barriers to implementing green energy transitions include:

1. **High upfront costs**: Investing in renewable energy technologies can be expensive.
2. **Infrastructure limitations**: Existing energy infrastructure is often designed for fossil fuels, not green energy.
3. **Energy storage challenges**: Storing excess energy generated by renewables is a significant technical hurdle.
4. **Policy and regulatory uncertainty**: Inconsistent or inadequate policies can hinder green energy adoption.
5. **Public acceptance and education**: Many people are unaware of the benefits of green energy or have concerns about its impact.
6. **Scalability and intermittency**: Meeting global energy demands with intermittent renewable energy sources is",,2514,748,100,187,llama_1_25_base
2025-08-07T13:26:30,1,26,llama,LLaMA-3.1-8B-Instruct,Scientific Consensus,sc2,paraphrase_neutral,Explain how peer review and replication support scientific reliability.,Explain how peer review and replication support scientific reliability. Respond in exactly 100 words. Be clear and concise.,"Peer review and replication are essential components of ensuring scientific reliability. Peer review involves experts evaluating research manuscripts to assess their validity, relevance, and methodology. This process helps identify flaws and biases, increasing the likelihood of accurate findings. Replication involves independent researchers repeating and verifying the results of a study to confirm its conclusions. By subjecting research to rigorous scrutiny and verification, peer review and replication enhance the credibility of scientific findings. They prevent the publication of flawed or misleading research, thereby maintaining the integrity of the scientific community and promoting reliable knowledge. This process fosters trust in scientific results.",,2864,764,100,191,llama_1_26_paraphrase_neutral
2025-08-07T13:26:32,1,27,llama,LLaMA-3.1-8B-Instruct,Scientific Consensus,sc1,formality,Describe the process of building scientific consensus.,Describe the process of building scientific consensus. Respond in exactly 100 words. Be clear and concise.,"The process of building scientific consensus involves rigorous research, peer review, and open discussion. Researchers design and conduct studies, collecting and analyzing data to test hypotheses. They publish their findings in reputable journals, where other experts review and critique the work. Through this iterative process, the scientific community refines and validates the research. Consensus emerges when a majority of experts agree on the findings, based on the strength of the evidence. This consensus is not a single event, but a gradual accumulation of evidence and agreement among experts, continually updated and refined as new research becomes available.",,2216,670,97,167,llama_1_27_formality
2025-08-07T13:26:35,1,28,llama,LLaMA-3.1-8B-Instruct,Political Systems,ps2,formality,Outline the structural differences among political systems.,Outline the structural differences among political systems. Respond in exactly 100 words. Be clear and concise.,"Political systems differ structurally in the distribution of power and decision-making authority. 

1. **Unitary Systems**: Centralized power in a single authority, e.g., the UK.
2. **Federal Systems**: Power divided between a central government and regional authorities, e.g., the US.
3. **Confederate Systems**: Regional authorities hold primary power, e.g., Switzerland.
4. **Authoritarian Systems**: One-party rule, e.g., China.
5. **Democratic Systems**: Power distributed among multiple branches, e.g., the US.
6. **Parliamentary Systems**: Executive and legislative powers combined, e.g., the",,2695,599,77,149,llama_1_28_formality
2025-08-07T13:26:38,1,29,llama,LLaMA-3.1-8B-Instruct,Environmental Policy,ep2,formality,Summarize current international climate policies.,Summarize current international climate policies. Respond in exactly 100 words. Be clear and concise.,Current international climate policies focus on reducing greenhouse gas emissions and transitioning to renewable energy sources. The Paris Agreement (2015) aims to limit global warming to 1.5°C above pre-industrial levels. Countries submit Nationally Determined Contributions (NDCs) outlining their emissions reduction targets. The European Union's Green Deal and the US's Inflation Reduction Act promote renewable energy and energy efficiency. The Global Methane Pledge (2021) targets methane emissions reduction. The Glasgow Climate Pact (2021) encourages countries to revisit and strengthen their NDCs. International cooperation and technology transfer are crucial for achieving climate goals and adapting to climate change,,2661,726,96,181,llama_1_29_formality
2025-08-07T13:26:40,1,30,llama,LLaMA-3.1-8B-Instruct,Scientific Consensus,sc2,formality,Describe the process of building scientific consensus.,Describe the process of building scientific consensus. Respond in exactly 100 words. Be clear and concise.,"The process of building scientific consensus involves several stages. Initially, researchers conduct studies and publish their findings in peer-reviewed journals. Colleagues review and critique the work, leading to refinement and improvement. As more studies confirm the initial findings, a growing body of evidence emerges. Scientists discuss and debate the results at conferences and workshops, fostering a shared understanding. As the evidence base expands, the scientific community reaches a consensus. This is often marked by the publication of a seminal review or a statement from a major scientific organization. Consensus is not absolute, but it represents a strong scientific agreement.",,2251,695,99,173,llama_1_30_formality
2025-08-07T13:26:42,1,31,llama,LLaMA-3.1-8B-Instruct,Political Systems,ps1,formality,Outline the structural differences among political systems.,Outline the structural differences among political systems. Respond in exactly 100 words. Be clear and concise.,"Structural differences among political systems include:

1. **Governance**: Monarchy (hereditary ruler), Republic (elected leader), and Oligarchy (rule by few).
2. **Power distribution**: Unitary (centralized power), Federal (power shared between central and regional governments), and Confederal (power held by member states).
3. **System of government**: Presidential (separate head of state and government), Parliamentary (head of government also head of state), and Constitutional (rigid constitution limiting government power).
4. **Electoral system**: Direct (citizens elect representatives), Indirect (citizens elect representatives who elect leaders",,2247,657,80,164,llama_1_31_formality
2025-08-07T13:26:45,1,32,llama,LLaMA-3.1-8B-Instruct,Historical Events,he2,tone,Explain why World War II broke out.,Explain why World War II broke out. Respond in exactly 100 words. Be clear and concise.,"World War II broke out due to a complex interplay of factors. The Treaty of Versailles, imposed on Germany after World War I, led to widespread resentment and economic hardship. The rise of fascist and nationalist ideologies in Germany, Italy, and Japan created an atmosphere of aggression. Germany, under Adolf Hitler, sought to expand its territory and reclaim lost lands. The invasion of Poland by Germany in 1939 prompted the United Kingdom and France to declare war. The war quickly escalated as Germany, Italy, and Japan formed the Axis powers, while the Allies, including the US, UK, and USSR, formed to counter them.",,2251,624,103,156,llama_1_32_tone
2025-08-07T13:26:47,1,33,llama,LLaMA-3.1-8B-Instruct,Historical Events,he1,emotion,Why was the world dragged into such a devastating war?,Why was the world dragged into such a devastating war? Respond in exactly 100 words. Be clear and concise.,"The devastating war of World War II was sparked by a complex interplay of factors. The rise of fascist and nationalist ideologies in Germany, Italy, and Japan created an atmosphere of aggression. The Treaty of Versailles, imposed on Germany after World War I, was seen as humiliating and contributed to widespread resentment. The policy of appeasement by Britain and France allowed Hitler's aggressive expansion to go unchecked. The invasion of Poland by Germany in 1939 drew in other European powers, eventually involving the United States. This convergence of factors ultimately led to a global conflict of unprecedented scale and destruction.",,2263,645,100,161,llama_1_33_emotion
2025-08-07T13:26:50,1,34,llama,LLaMA-3.1-8B-Instruct,Public Health,ph2,base,How do public health campaigns reduce disease spread?,How do public health campaigns reduce disease spread? Respond in exactly 100 words. Be clear and concise.,"Public health campaigns reduce disease spread through various strategies. They educate the public about disease prevention, symptoms, and transmission. Campaigns promote vaccination, proper hygiene, and safe practices. Social media, advertising, and community outreach are used to reach a wide audience. Campaigns also provide resources and support for high-risk groups, such as the elderly and those with compromised immune systems. By raising awareness and promoting healthy behaviors, public health campaigns help prevent the spread of diseases. They also encourage early detection and treatment, reducing the impact of outbreaks and saving lives. Effective campaigns lead to healthier communities.",,2361,701,96,175,llama_1_34_base
2025-08-07T13:26:52,1,35,llama,LLaMA-3.1-8B-Instruct,Scientific Consensus,sc2,base,What roles do peer review and replication play in science?,What roles do peer review and replication play in science? Respond in exactly 100 words. Be clear and concise.,"Peer review and replication are crucial components of the scientific process. Peer review involves experts evaluating research manuscripts to ensure they meet rigorous standards of quality, validity, and relevance. This process helps identify flaws, biases, and methodological errors, ultimately improving the accuracy and reliability of published findings. Replication involves verifying the results of a study through independent experiments or analyses. This ensures that findings are reproducible and not due to chance or error. By combining peer review and replication, science maintains its integrity, fosters trust, and advances knowledge through the validation of evidence-based research. This process promotes scientific progress.",,2242,739,99,184,llama_1_35_base
2025-08-07T13:26:55,1,36,llama,LLaMA-3.1-8B-Instruct,Political Systems,ps2,base,How do checks and balances function in democracies?,How do checks and balances function in democracies? Respond in exactly 100 words. Be clear and concise.,"Checks and balances in democracies ensure that no single branch of government holds too much power. The system is divided into three branches: legislative (Congress), executive (President), and judicial (Supreme Court). Each branch has powers that can limit the actions of the other two. The legislative branch can impeach the executive branch, while the executive branch can veto laws passed by the legislative branch. The judicial branch can declare laws or executive actions unconstitutional. This system prevents any one branch from dominating the others, promoting accountability, stability, and protection of individual rights. It maintains a delicate balance of power.",,2853,675,99,168,llama_1_36_base
2025-08-07T13:26:57,1,37,llama,LLaMA-3.1-8B-Instruct,Political Systems,ps1,emotion,Why do authoritarian regimes spark global concern?,Why do authoritarian regimes spark global concern? Respond in exactly 100 words. Be clear and concise.,"Authoritarian regimes spark global concern due to their potential for human rights abuses, suppression of dissent, and disregard for democratic principles. These regimes often prioritize the interests of their leaders over those of their citizens, leading to widespread suffering and instability. Their authoritarian nature can also lead to aggression and conflict with neighboring countries, posing a threat to regional and global security. Furthermore, the spread of authoritarianism can undermine democratic institutions and values, compromising the stability and prosperity of the international community. This can have far-reaching consequences, affecting global trade, security, and human rights.",,2324,702,94,175,llama_1_37_emotion
2025-08-07T13:27:00,1,38,llama,LLaMA-3.1-8B-Instruct,Public Health,ph1,emotion,Why are vaccines so vital for public health?,Why are vaccines so vital for public health? Respond in exactly 100 words. Be clear and concise.,"Vaccines are vital for public health as they prevent the spread of infectious diseases, protecting not only the individual but also the community. By developing immunity, vaccines reduce the risk of disease transmission, thereby preventing outbreaks and epidemics. This, in turn, saves lives, reduces healthcare costs, and minimizes the economic burden of disease. Additionally, vaccines help to prevent the emergence of antibiotic-resistant bacteria and reduce the risk of vaccine-preventable diseases, such as measles, mumps, and rubella. By promoting herd immunity, vaccines are a crucial tool in maintaining public health and preventing the spread of infectious diseases.",,2486,675,96,168,llama_1_38_emotion
2025-08-07T13:27:02,1,39,llama,LLaMA-3.1-8B-Instruct,Political Systems,ps2,tone,Explain why democratic systems are preferred.,Explain why democratic systems are preferred. Respond in exactly 100 words. Be clear and concise.,"Democratic systems are preferred due to their ability to balance individual rights with collective well-being. They provide a framework for peaceful transfer of power, protecting citizens from authoritarian rule. Democratic systems promote accountability, transparency, and representation, allowing citizens to participate in decision-making processes. This leads to more informed and responsive governance, as elected officials are answerable to the people. Additionally, democratic systems foster a culture of tolerance, respect, and civic engagement, promoting social cohesion and economic growth. Overall, democratic systems offer a more equitable and just form of governance, benefiting both individuals and society as a whole.",,2351,732,97,183,llama_1_39_tone
2025-08-07T13:27:05,1,40,llama,LLaMA-3.1-8B-Instruct,Historical Events,he3,tone,Explain why World War II broke out.,Explain why World War II broke out. Respond in exactly 100 words. Be clear and concise.,"World War II broke out due to a complex interplay of factors. The Treaty of Versailles, imposed on Germany after World War I, was perceived as unfair and led to widespread resentment. The global economic crisis of the 1930s created a power vacuum that fascist and nationalist regimes, such as Nazi Germany, Italy, and Japan, exploited. Germany's aggressive expansion, including the annexation of Austria and Czechoslovakia, was met with appeasement by Western powers, emboldening Hitler's ambitions. The invasion of Poland in 1939 sparked a chain reaction, drawing in the major powers and ultimately leading to the outbreak of World",,2474,632,99,158,llama_1_40_tone
2025-08-07T13:27:07,1,41,llama,LLaMA-3.1-8B-Instruct,Historical Events,he1,paraphrase_neutral,Summarize the main drivers that led to World War II.,Summarize the main drivers that led to World War II. Respond in exactly 100 words. Be clear and concise.,"The main drivers of World War II were the consequences of World War I and the rise of aggressive powers. The Treaty of Versailles imposed harsh penalties on Germany, fueling resentment and nationalism. The global economic crisis of the 1930s created an environment of desperation. Germany, under Adolf Hitler, sought to expand its territory and impose its ideology. Italy, under Benito Mussolini, and Japan, under Hideki Tojo, also pursued aggressive expansion. The appeasement policy of Britain and France allowed Hitler to pursue his goals unchecked, ultimately leading to the outbreak of war in September 1939. This led to global conflict.",,2349,642,100,160,llama_1_41_paraphrase_neutral
2025-08-07T13:27:10,1,42,llama,LLaMA-3.1-8B-Instruct,Environmental Policy,ep3,tone,Explain why strong climate action is urgent.,Explain why strong climate action is urgent. Respond in exactly 100 words. Be clear and concise.,"Strong climate action is urgent due to the escalating threat of climate change. Rising global temperatures are causing catastrophic consequences, including intense heatwaves, devastating floods, and severe droughts. The window for mitigating these effects is rapidly closing. If greenhouse gas emissions continue to rise, the world will exceed the 1.5°C temperature limit, triggering catastrophic and irreversible changes. The consequences include sea-level rise, loss of biodiversity, and food and water scarcity. Immediate and drastic action is necessary to reduce emissions, transition to renewable energy, and protect vulnerable communities from the worst impacts of climate change. Time is running out.",,2343,707,98,176,llama_1_42_tone
2025-08-07T13:27:12,1,43,llama,LLaMA-3.1-8B-Instruct,Public Health,ph2,formality,Provide a detailed overview of vaccine efficacy.,Provide a detailed overview of vaccine efficacy. Respond in exactly 100 words. Be clear and concise.,"Vaccine efficacy measures the percentage of individuals protected from disease after vaccination. It's calculated by comparing the number of cases in the vaccinated group to the number in the unvaccinated group. Efficacy is usually expressed as a percentage, with higher values indicating greater protection. For example, an efficacy of 90% means 90% of vaccinated individuals are protected against the disease. Vaccine efficacy can vary depending on factors like the specific vaccine, disease, and population. Efficacy is not the same as effectiveness, which considers real-world factors like vaccine distribution and adherence. Efficacy is typically measured in clinical trials.",,2300,680,97,170,llama_1_43_formality
2025-08-07T13:27:15,1,44,llama,LLaMA-3.1-8B-Instruct,Historical Events,he3,paraphrase_neutral,Describe how economic turmoil contributed to extremist movements.,Describe how economic turmoil contributed to extremist movements. Respond in exactly 100 words. Be clear and concise.,"Economic turmoil has historically contributed to the rise of extremist movements. In times of economic crisis, individuals and communities become increasingly frustrated with perceived injustices and feel disconnected from the system. This sense of disillusionment creates an environment in which extremist ideologies can flourish. Economic instability can lead to feelings of desperation, which in turn can fuel radicalization. As people struggle to make ends meet, they may become more receptive to extremist messages that promise solutions or scapegoats for their problems. This dynamic has played out in various contexts, from the rise of fascist movements in the 1930s to modern-day terrorism.",,2284,698,101,174,llama_1_44_paraphrase_neutral
2025-08-07T13:27:17,1,45,llama,LLaMA-3.1-8B-Instruct,Political Systems,ps3,base,What factors lead to democratic backsliding?,What factors lead to democratic backsliding? Respond in exactly 100 words. Be clear and concise.,"Democratic backsliding is a gradual erosion of democratic norms and institutions. Key factors contributing to this phenomenon include:

1. **Authoritarian temptations**: Leaders exploiting crises to consolidate power.
2. **Polarization**: Deepening divisions between parties, exacerbating gridlock and undermining institutions.
3. **Populism**: Erosion of checks and balances, as leaders appeal directly to the people.
4. **Media manipulation**: Disinformation and propaganda undermining trust in institutions.
5. **Economic inequality**: Widening wealth disparities fueling resentment and discontent.
6. **External pressures**: Regional or global events influencing domestic politics and undermining democratic stability",,2479,721,86,180,llama_1_45_base
2025-08-07T13:27:20,1,46,llama,LLaMA-3.1-8B-Instruct,Scientific Consensus,sc1,emotion,Why is ignoring scientific consensus so risky?,Why is ignoring scientific consensus so risky? Respond in exactly 100 words. Be clear and concise.,"Ignoring scientific consensus is risky because it can lead to incorrect conclusions and poor decision-making. Scientific consensus is based on a thorough evaluation of evidence by experts in the field. When consensus is ignored, it can result in the adoption of unproven or disproven theories. This can have serious consequences, such as delayed or ineffective treatments, unnecessary risks, and wasted resources. Furthermore, ignoring scientific consensus can erode public trust in science and undermine the integrity of the scientific process. It can also hinder progress and innovation in various fields, ultimately harming society as a whole. This can have severe outcomes.",,2251,677,100,169,llama_1_46_emotion
2025-08-07T13:27:22,1,47,llama,LLaMA-3.1-8B-Instruct,Political Systems,ps2,paraphrase_neutral,Explain the role of separation of powers in democratic governance.,Explain the role of separation of powers in democratic governance. Respond in exactly 100 words. Be clear and concise.,"The separation of powers is a fundamental concept in democratic governance, dividing power among three branches: legislative, executive, and judicial. The legislative branch (parliament or congress) makes laws, the executive branch (president or prime minister) enforces laws, and the judicial branch (courts) interprets laws. This separation prevents any one branch from dominating the others, ensuring checks and balances. Each branch has distinct powers, preventing abuse of authority and protecting individual rights. This system promotes accountability, stability, and fairness, allowing for effective governance and protecting democracy from authoritarianism. It is a cornerstone of democratic institutions worldwide.",,2245,723,95,180,llama_1_47_paraphrase_neutral
2025-08-07T13:27:24,1,48,llama,LLaMA-3.1-8B-Instruct,Public Health,ph1,paraphrase_neutral,Describe the main outcomes associated with vaccination.,Describe the main outcomes associated with vaccination. Respond in exactly 100 words. Be clear and concise.,"The main outcomes associated with vaccination include: 

1. **Protection from infectious diseases**: Vaccines prevent or reduce the severity of diseases, such as measles, influenza, and HPV.
2. **Reduced transmission**: Vaccinated individuals can't spread diseases, thereby protecting those who are not vaccinated.
3. **Community immunity**: High vaccination rates create a shield of protection around vulnerable populations, like the elderly and young children.
4. **Prevention of complications**: Vaccines prevent serious complications, such as pneumonia and meningitis, which can be life-threatening.
5. **Long-term health benefits**: Vaccines can also prevent long-term health issues, like",,2298,693,90,173,llama_1_48_paraphrase_neutral
2025-08-07T13:27:27,1,49,llama,LLaMA-3.1-8B-Instruct,Public Health,ph2,emotion,Why are vaccines so vital for public health?,Why are vaccines so vital for public health? Respond in exactly 100 words. Be clear and concise.,"Vaccines are vital for public health as they prevent the spread of infectious diseases, saving countless lives and reducing the economic burden of illness. By developing immunity, vaccines protect not only the individual who receives them but also those around them, such as family members, friends, and community members. This herd immunity prevents the spread of diseases, especially among vulnerable populations like the elderly, young children, and those with weakened immune systems. Vaccines also reduce the risk of outbreaks and pandemics, making them a crucial tool in maintaining public health and preventing the spread of infectious diseases.",,2280,652,97,163,llama_1_49_emotion
2025-08-07T13:27:29,1,50,llama,LLaMA-3.1-8B-Instruct,Environmental Policy,ep2,emotion,Why is climate change such a dangerous threat?,Why is climate change such a dangerous threat? Respond in exactly 100 words. Be clear and concise.,"Climate change poses a significant threat due to its far-reaching and devastating consequences. Rising global temperatures lead to more frequent and severe weather events, such as hurricanes, droughts, and wildfires. This causes loss of life, displacement of communities, and destruction of infrastructure. Climate change also affects ecosystems, leading to extinction of species and disruption of food chains. Additionally, it exacerbates water scarcity, heat stress, and respiratory problems. If left unchecked, climate change could have catastrophic effects on human health, economies, and the environment, ultimately threatening the very survival of our planet and its inhabitants. Its impact is irreversible.",,2375,713,98,178,llama_1_50_emotion
2025-08-07T13:27:32,1,51,llama,LLaMA-3.1-8B-Instruct,Environmental Policy,ep1,paraphrase_neutral,Provide an overview of policies addressing climate change.,Provide an overview of policies addressing climate change. Respond in exactly 100 words. Be clear and concise.,"Policies addressing climate change focus on reducing greenhouse gas emissions and mitigating its effects. Key strategies include:

1. Renewable energy targets: Promoting solar, wind, and hydroelectric power.
2. Carbon pricing: Implementing taxes or cap-and-trade systems to discourage emissions.
3. Energy efficiency standards: Improving building insulation and appliance efficiency.
4. Electric vehicle incentives: Encouraging adoption of low-carbon transportation.
5. Sustainable land use: Protecting forests and promoting agroforestry.
6. Climate-resilient infrastructure: Adapting buildings and infrastructure to climate-related risks.
7. Research and development: Investing in climate-friendly",,2455,698,83,174,llama_1_51_paraphrase_neutral
2025-08-07T13:27:34,1,52,llama,LLaMA-3.1-8B-Instruct,Political Systems,ps1,tone,Explain why democratic systems are preferred.,Explain why democratic systems are preferred. Respond in exactly 100 words. Be clear and concise.,"Democratic systems are preferred due to their ability to promote fairness, equality, and representation. In a democracy, power is distributed among citizens, allowing for diverse perspectives and voices to be heard. This leads to more informed decision-making and accountable governance. Democratic systems also foster social cohesion, as citizens feel invested in the outcome and work together to address common challenges. Additionally, democratic institutions provide checks and balances, preventing the concentration of power and reducing the risk of authoritarianism. Overall, democratic systems prioritize the well-being and rights of citizens, making them a preferred choice for governance. They promote peace and stability.",,2248,731,100,182,llama_1_52_tone
2025-08-07T13:27:37,1,53,llama,LLaMA-3.1-8B-Instruct,Public Health,ph3,tone,Explain why vaccines are essential.,Explain why vaccines are essential. Respond in exactly 100 words. Be clear and concise.,"Vaccines are essential for preventing the spread of infectious diseases and protecting public health. They work by introducing a small, harmless piece of a pathogen to the body, triggering an immune response that prepares the body to fight future infections. Vaccines have eradicated or nearly eradicated several diseases, such as smallpox and polio, and have significantly reduced the incidence of others, like measles and rubella. By getting vaccinated, individuals not only protect themselves but also prevent the spread of diseases to vulnerable populations, such as the elderly, young children, and those with compromised immune systems. Vaccination is a safe and effective way to prevent illness.",,2468,702,105,175,llama_1_53_tone
2025-08-07T13:27:39,1,54,llama,LLaMA-3.1-8B-Instruct,Environmental Policy,ep3,emotion,Why is climate change such a dangerous threat?,Why is climate change such a dangerous threat? Respond in exactly 100 words. Be clear and concise.,"Climate change poses a significant threat due to its far-reaching and devastating consequences. Rising global temperatures lead to more frequent and severe weather events, such as hurricanes, droughts, and wildfires. This results in loss of life, property damage, and displacement of communities. Climate change also exacerbates water scarcity, food insecurity, and heat-related illnesses. Additionally, it accelerates the loss of biodiversity, compromising ecosystems and the services they provide. If left unchecked, climate change will have catastrophic effects on human societies, economies, and the planet as a whole, threatening the very survival of our species and the natural world.",,2257,690,97,172,llama_1_54_emotion
2025-08-07T13:27:41,1,55,llama,LLaMA-3.1-8B-Instruct,Political Systems,ps2,emotion,Why do authoritarian regimes spark global concern?,Why do authoritarian regimes spark global concern? Respond in exactly 100 words. Be clear and concise.,"Authoritarian regimes spark global concern due to their potential for human rights abuses, suppression of dissent, and disregard for democratic principles. These regimes often prioritize the interests of their ruling elite over those of their citizens, leading to widespread poverty, inequality, and social unrest. Their aggressive foreign policies and military expansion can also pose a threat to regional and global stability. Additionally, authoritarian regimes often engage in corruption, money laundering, and other illicit activities that can have far-reaching consequences for the global economy and international security. This can lead to a destabilization of the global order.",,2231,686,96,171,llama_1_55_emotion
2025-08-07T13:27:44,1,56,llama,LLaMA-3.1-8B-Instruct,Political Systems,ps3,paraphrase_neutral,Which conditions commonly contribute to erosion of democracy?,Which conditions commonly contribute to erosion of democracy? Respond in exactly 100 words. Be clear and concise.,"Conditions that commonly contribute to erosion of democracy include:

1. **Authoritarian tendencies**: Leaders who concentrate power and disregard institutional checks.
2. **Corruption**: Widespread bribery, nepotism, and cronyism that undermine trust in institutions.
3. **Polarization**: Deep divisions that lead to radicalization and the suppression of opposition.
4. **Media manipulation**: State control or manipulation of media outlets to spread propaganda and suppress dissent.
5. **Economic inequality**: Widening wealth gaps that create social and economic instability.
6. **Lack of accountability**: Inadequate oversight and enforcement of laws, allowing abuses of power",,2381,680,87,170,llama_1_56_paraphrase_neutral
2025-08-07T13:27:47,1,57,llama,LLaMA-3.1-8B-Instruct,Political Systems,ps3,emotion,Why do authoritarian regimes spark global concern?,Why do authoritarian regimes spark global concern? Respond in exactly 100 words. Be clear and concise.,"Authoritarian regimes spark global concern due to their potential for human rights abuses, suppression of dissent, and disregard for international law. These regimes often prioritize the interests of their ruling elite over those of their citizens, leading to widespread suffering and instability. Their actions can also have far-reaching consequences, such as refugee crises, economic instability, and regional conflicts. Furthermore, authoritarian regimes can undermine global security by promoting terrorism, nuclear proliferation, and other threats to international peace and stability. Their actions can have a ripple effect, impacting global politics and economies. This raises concerns for global stability and security.",,2486,727,98,181,llama_1_57_emotion
2025-08-07T13:27:49,1,58,llama,LLaMA-3.1-8B-Instruct,Scientific Consensus,sc1,paraphrase_neutral,Describe how agreement forms within the scientific community.,Describe how agreement forms within the scientific community. Respond in exactly 100 words. Be clear and concise.,"Agreement within the scientific community forms through a rigorous process. Research is conducted, and findings are published in peer-reviewed journals. Colleagues review and critique the work, providing constructive feedback. This iterative process refines the research, and the author revises and resubmits. As similar studies yield consistent results, a consensus emerges. The scientific community weighs the evidence, and a consensus is reached. This consensus is often reflected in textbooks, educational materials, and policy decisions. Agreement is not absolute, but rather a continually evolving understanding, as new research and evidence challenge and refine existing knowledge. Consensus is a dynamic process.",,2811,720,98,180,llama_1_58_paraphrase_neutral
2025-08-07T13:27:52,1,59,llama,LLaMA-3.1-8B-Instruct,Political Systems,ps1,paraphrase_neutral,List the primary categories of political systems.,List the primary categories of political systems. Respond in exactly 100 words. Be clear and concise.,"The primary categories of political systems are:

1. **Authoritarian**: Characterized by a strong central authority, limited individual freedoms, and often, a single leader or ruling party.
2. **Democratic**: Emphasizes citizen participation, protection of individual rights, and free and fair elections.
3. **Totalitarian**: A combination of authoritarian and democratic elements, with a strong central authority and limited individual freedoms.
4. **Monarchy**: A system where a monarch or royal family holds supreme power.
5. **Theocracy**: A system where a divine authority or religious leader holds power.
6. **Anarchy**: A system with no central authority",,2400,661,92,165,llama_1_59_paraphrase_neutral
2025-08-07T13:27:54,1,60,llama,LLaMA-3.1-8B-Instruct,Scientific Consensus,sc1,tone,Explain why consensus matters in science.,Explain why consensus matters in science. Respond in exactly 100 words. Be clear and concise.,"Consensus matters in science because it ensures the accuracy and reliability of research findings. When a large majority of experts in a field agree on a particular theory or conclusion, it indicates that the evidence is robust and the methodology sound. Consensus helps to filter out flawed research and prevents the spread of misinformation. It also facilitates collaboration and the sharing of knowledge, leading to further discoveries and advancements. Ultimately, consensus is a hallmark of scientific progress, as it allows the scientific community to build upon established knowledge and move closer to the truth. It's a key to scientific integrity.",,2234,656,100,164,llama_1_60_tone
2025-08-07T13:27:57,1,61,llama,LLaMA-3.1-8B-Instruct,Environmental Policy,ep1,base,What is climate change policy?,What is climate change policy? Respond in exactly 100 words. Be clear and concise.,"Climate change policy refers to the set of laws, regulations, and guidelines implemented by governments to mitigate and adapt to the impacts of climate change. Its primary goals are to reduce greenhouse gas emissions, transition to renewable energy sources, and promote sustainable development. Climate change policies may include carbon pricing, clean energy standards, energy efficiency measures, and green infrastructure investments. They also involve international cooperation, such as the Paris Agreement, to address global climate challenges. Effective climate change policies require a comprehensive approach, involving governments, businesses, and civil society to achieve a low-carbon and climate-resilient future.",,2426,723,96,180,llama_1_61_base
2025-08-07T13:27:59,1,62,llama,LLaMA-3.1-8B-Instruct,Scientific Consensus,sc1,base,How is scientific consensus established?,How is scientific consensus established? Respond in exactly 100 words. Be clear and concise.,"Scientific consensus is established through a rigorous, peer-reviewed process. Researchers conduct experiments, collect data, and analyze results. They publish their findings in academic journals, where other experts review and critique their work. This process, called peer review, ensures the quality and validity of the research. If the research is sound and meets the standards of the scientific community, it is accepted and built upon. Consensus emerges when multiple studies, conducted independently, reach the same conclusions. The scientific community then recognizes and accepts this consensus, which is continually refined and updated as new evidence becomes available. This process is iterative.",,2306,707,99,176,llama_1_62_base
2025-08-07T13:28:01,1,63,llama,LLaMA-3.1-8B-Instruct,Scientific Consensus,sc2,tone,Explain why consensus matters in science.,Explain why consensus matters in science. Respond in exactly 100 words. Be clear and concise.,"Consensus matters in science because it ensures that research findings are reliable and trustworthy. When a large majority of experts agree on a particular theory or conclusion, it indicates that the evidence supports it. Consensus also helps to prevent misinformation and pseudoscience from spreading. In science, consensus is not about agreement on a single truth, but about the accumulation of evidence that supports a particular understanding. It allows scientists to build upon each other's work, leading to advancements in knowledge. Consensus is a benchmark of scientific credibility, and it guides the direction of future research and inquiry.",,2110,651,97,162,llama_1_63_tone
2025-08-07T13:28:04,1,64,llama,LLaMA-3.1-8B-Instruct,Public Health,ph1,formality,Provide a detailed overview of vaccine efficacy.,Provide a detailed overview of vaccine efficacy. Respond in exactly 100 words. Be clear and concise.,"Vaccine efficacy measures a vaccine's ability to prevent disease or infection. It's expressed as a percentage, representing the reduction in disease incidence among vaccinated individuals compared to unvaccinated individuals. A vaccine with 90% efficacy means that 90% of vaccinated people will not develop the disease, while 10% may still contract it. Vaccine efficacy can vary depending on factors such as the vaccine type, disease severity, and population demographics. Efficacy is typically measured in clinical trials, and real-world effectiveness may differ due to factors like waning immunity and vaccine coverage. Efficacy is not the same as effectiveness.",,2430,664,96,166,llama_1_64_formality
2025-08-07T13:28:06,1,65,llama,LLaMA-3.1-8B-Instruct,Public Health,ph2,paraphrase_neutral,Explain how public health messaging helps limit transmission.,Explain how public health messaging helps limit transmission. Respond in exactly 100 words. Be clear and concise.,"Public health messaging plays a crucial role in limiting the transmission of infectious diseases. By disseminating accurate and timely information, messaging campaigns educate the public on preventive measures, such as vaccination, hand hygiene, and social distancing. Clear guidelines on mask-wearing, testing, and quarantine protocols help individuals understand their role in preventing the spread of disease. Effective messaging also fosters a sense of community responsibility, encouraging individuals to take collective action to protect vulnerable populations. By promoting informed behavior, public health messaging helps to reduce the transmission of infectious diseases and ultimately saves lives. It's a vital public service.",,2157,736,98,184,llama_1_65_paraphrase_neutral
2025-08-07T13:28:09,1,66,llama,LLaMA-3.1-8B-Instruct,Scientific Consensus,sc3,formality,Describe the process of building scientific consensus.,Describe the process of building scientific consensus. Respond in exactly 100 words. Be clear and concise.,"Building scientific consensus involves a systematic process of research, peer review, and validation. It begins with initial research findings, which are then submitted to scientific journals for peer review. Experts in the field evaluate the research, providing feedback and suggestions for improvement. Revised studies are resubmitted and undergo further review. As more studies confirm the findings, a consensus emerges. This is reinforced by the accumulation of evidence from multiple lines of research, leading to a collective understanding among experts. Consensus is often formalized through publication in reputable journals, conference presentations, and statements from scientific organizations. It's a gradual process.",,2385,729,99,182,llama_1_66_formality
2025-08-07T13:28:11,1,67,llama,LLaMA-3.1-8B-Instruct,Environmental Policy,ep2,paraphrase_neutral,Explain the operation of carbon taxes and cap-and-trade schemes.,Explain the operation of carbon taxes and cap-and-trade schemes. Respond in exactly 100 words. Be clear and concise.,"Carbon taxes and cap-and-trade schemes are two primary market-based instruments to reduce greenhouse gas emissions. 

A carbon tax imposes a fee on fossil fuel emissions, typically per ton of CO2. Companies pay the tax, which increases their costs and incentivizes emissions reduction. Revenue can be used to fund clean energy projects or compensate low-income households.

A cap-and-trade scheme sets an overall emissions cap, allocating permits to companies. Companies can buy or sell permits, creating a market. If a company exceeds its cap, it must purchase additional permits, while those under their cap can sell excess permits, encouraging emissions reduction.",,2630,667,99,166,llama_1_67_paraphrase_neutral
2025-08-07T13:28:14,1,68,llama,LLaMA-3.1-8B-Instruct,Environmental Policy,ep1,tone,Explain why strong climate action is urgent.,Explain why strong climate action is urgent. Respond in exactly 100 words. Be clear and concise.,"Strong climate action is urgent due to the irreversible damage caused by rising global temperatures. The current rate of greenhouse gas emissions is exceeding the Earth's capacity to absorb them, leading to catastrophic consequences. Rising temperatures are melting polar ice caps, causing sea levels to rise, and altering ecosystems. This threatens the livelihoods of millions, especially vulnerable communities, and puts entire species at risk of extinction. The window for action is rapidly closing, and immediate and drastic reductions in emissions are necessary to mitigate the worst effects of climate change and ensure a livable future for generations to come.",,2271,667,99,166,llama_1_68_tone
2025-08-07T13:28:16,1,69,llama,LLaMA-3.1-8B-Instruct,Environmental Policy,ep2,tone,Explain why strong climate action is urgent.,Explain why strong climate action is urgent. Respond in exactly 100 words. Be clear and concise.,"Strong climate action is urgent due to the escalating threat of climate change. Rising global temperatures are causing catastrophic consequences, including intense natural disasters, sea-level rise, and extreme weather events. The window for mitigating these effects is rapidly closing. If greenhouse gas emissions continue to rise, the 1.5°C warming limit may be exceeded, leading to devastating consequences. Urgent action is necessary to transition to renewable energy sources, reduce emissions, and protect vulnerable communities. Delaying action will only exacerbate the crisis, making it more challenging and costly to adapt to a changing climate. The time for action is now.",,2431,681,98,170,llama_1_69_tone
2025-08-07T13:28:19,1,70,llama,LLaMA-3.1-8B-Instruct,Historical Events,he2,base,How did the Treaty of Versailles shape interwar Europe?,How did the Treaty of Versailles shape interwar Europe? Respond in exactly 100 words. Be clear and concise.,"The Treaty of Versailles (1919) significantly shaped interwar Europe. It imposed harsh penalties on Germany, including massive reparations, territorial losses, and military limitations. This led to widespread resentment and economic hardship, contributing to the rise of extremist ideologies, including Nazism. The treaty also redrew national borders, creating unstable alliances and potential flashpoints for conflict. The treaty's ""war guilt"" clause and reparations fueled German militarism, while the League of Nations' inability to enforce its provisions led to its ineffectiveness in preventing future conflicts, ultimately contributing to the outbreak of World War II.",,2246,674,91,168,llama_1_70_base
2025-08-07T13:28:22,1,71,llama,LLaMA-3.1-8B-Instruct,Environmental Policy,ep1,formality,Summarize current international climate policies.,Summarize current international climate policies. Respond in exactly 100 words. Be clear and concise.,Current international climate policies focus on reducing greenhouse gas emissions and transitioning to renewable energy sources. The Paris Agreement (2015) aims to limit global warming to 1.5°C above pre-industrial levels. The European Union's (EU) Green Deal sets a 55% emissions reduction target by 2030. The United States has re-entered the Paris Agreement and set a goal to reduce emissions by 50-52% by 2030. China has pledged to peak emissions by 2030 and reach carbon neutrality by 2060. The International Energy Agency (IEA) advocates for a 45% emissions reduction by 2030,,2833,580,90,145,llama_1_71_formality
2025-08-07T13:28:24,1,72,llama,LLaMA-3.1-8B-Instruct,Scientific Consensus,sc3,paraphrase_neutral,Describe how meta-analytic evidence contributes to collective scientific judgments.,Describe how meta-analytic evidence contributes to collective scientific judgments. Respond in exactly 100 words. Be clear and concise.,"Meta-analytic evidence plays a crucial role in collective scientific judgments by synthesizing data from multiple studies to provide a comprehensive understanding of a research topic. By combining results from diverse studies, meta-analyses increase statistical power, reduce sampling error, and provide a more precise estimate of effect sizes. This evidence-based approach helps to identify patterns, trends, and inconsistencies in the literature, facilitating the development of evidence-based policies and practices. Collective scientific judgments are informed by the synthesis of individual studies, leading to more accurate and reliable conclusions that can guide future research and decision-making. This promotes scientific consensus.",,2326,742,97,185,llama_1_72_paraphrase_neutral
2025-08-07T13:28:27,1,73,llama,LLaMA-3.1-8B-Instruct,Public Health,ph3,paraphrase_neutral,Which variables most affect community vaccination rates?,Which variables most affect community vaccination rates? Respond in exactly 100 words. Be clear and concise.,"Community vaccination rates are influenced by several key variables. These include:

1. **Socioeconomic status**: Lower-income communities often have lower vaccination rates due to limited access to healthcare.
2. **Education level**: Higher education levels are associated with higher vaccination rates.
3. **Access to healthcare**: Communities with limited healthcare resources or long wait times may have lower vaccination rates.
4. **Cultural and social norms**: Communities with strong social norms supporting vaccination tend to have higher rates.
5. **Healthcare provider trust**: Trust in healthcare providers can significantly impact vaccination rates.
6. **Availability of vaccination services**: Convenient and accessible vaccination services can increase uptake",,2528,773,100,193,llama_1_73_paraphrase_neutral
2025-08-07T13:28:29,1,74,llama,LLaMA-3.1-8B-Instruct,Historical Events,he3,base,What role did economic crises play in the rise of extremism?,What role did economic crises play in the rise of extremism? Respond in exactly 100 words. Be clear and concise.,"Economic crises have significantly contributed to the rise of extremism worldwide. During periods of economic downturn, individuals and groups often feel disillusioned and disenfranchised, creating an environment conducive to extremist ideologies. The 1929 Great Depression, for instance, fueled the rise of fascist and nationalist movements in Europe. Similarly, the 2008 global financial crisis led to increased support for extremist groups in the Middle East and Europe. Economic hardship can erode trust in institutions, create social unrest, and drive individuals to seek radical solutions, making extremism a more appealing option. This has been a recurring pattern throughout history.",,2230,691,97,172,llama_1_74_base
2025-08-07T13:28:32,1,75,llama,LLaMA-3.1-8B-Instruct,Public Health,ph2,tone,Explain why vaccines are essential.,Explain why vaccines are essential. Respond in exactly 100 words. Be clear and concise.,"Vaccines are essential to prevent the spread of infectious diseases and protect public health. They stimulate the immune system to produce antibodies, providing long-term immunity against specific diseases. By vaccinating a large portion of the population, herd immunity is achieved, reducing the risk of disease transmission. Vaccines also prevent serious complications, hospitalizations, and deaths. In addition, they save healthcare resources and reduce the economic burden of disease outbreaks. Without vaccines, we would be vulnerable to the return of diseases thought to be eradicated, such as smallpox and polio, and the emergence of new, potentially deadly diseases.",,2382,674,96,168,llama_1_75_tone
